state,city,min_lat,max_lat,min_long,max_long
"00730,",PONCE,18.009556,18.009556,-66.62725,-66.62725
AK,FAIRBANKS,58.38889,64.84593000000001,-161.767,-134.56555
AK,BETHEL,58.38889,64.84593000000001,-161.767,-134.56555
AK,PALMER,58.38889,64.84593000000001,-161.767,-134.56555
AK,JUNEAU,58.38889,64.84593000000001,-161.767,-134.56555
AK,ANCHORAGE,58.38889,64.84593000000001,-161.767,-134.56555
AK,NORTH POLE,58.38889,64.84593000000001,-161.767,-134.56555
AK,EAGLE RIVER,58.38889,64.84593000000001,-161.767,-134.56555
AL,CHICKASAW,30.7697,34.6917,-88.27792,-84.99965999999998
AL,WARRIOR,30.7697,34.6917,-88.27792,-84.99965999999998
AL,DECATUR,30.7697,34.6917,-88.27792,-84.99965999999998
AL,GADSDEN,30.7697,34.6917,-88.27792,-84.99965999999998
AL,HOOVER,30.7697,34.6917,-88.27792,-84.99965999999998
AL,HUNTSVILLE,30.7697,34.6917,-88.27792,-84.99965999999998
AL,LEEDS,30.7697,34.6917,-88.27792,-84.99965999999998
AL,MCCALLA,30.7697,34.6917,-88.27792,-84.99965999999998
AL,BIRMINGHAM,30.7697,34.6917,-88.27792,-84.99965999999998
AL,PHENIX CITY,30.7697,34.6917,-88.27792,-84.99965999999998
AL,CUBA,30.7697,34.6917,-88.27792,-84.99965999999998
AR,LITTLE ROCK,33.215,36.1797,-94.1167,-90.1911
AR,EL DORADO,33.215,36.1797,-94.1167,-90.1911
AR,MARION,33.215,36.1797,-94.1167,-90.1911
AR,NORTH LITTLE ROCK,33.215,36.1797,-94.1167,-90.1911
AR,SPRINGDALE,33.215,36.1797,-94.1167,-90.1911
AZ,CASA GRANDE,31.337204,33.5603,-114.61444,-109.53968
AZ,TUCSON,31.337204,33.5603,-114.61444,-109.53968
AZ,TEMPE,31.337204,33.5603,-114.61444,-109.53968
AZ,DOUGLAS,31.337204,33.5603,-114.61444,-109.53968
AZ,PHOENIX,31.337204,33.5603,-114.61444,-109.53968
AZ,GREEN VALLEY,31.337204,33.5603,-114.61444,-109.53968
AZ,MESA,31.337204,33.5603,-114.61444,-109.53968
AZ,NOGALES,31.337204,33.5603,-114.61444,-109.53968
AZ,YUMA,31.337204,33.5603,-114.61444,-109.53968
CA,CAMERON PARK,32.543476,41.796307,-124.20139,-115.4833
CA,SHINGLE SPRINGS,32.543476,41.796307,-124.20139,-115.4833
CA,ONTARIO,32.543476,41.796307,-124.20139,-115.4833
CA,ALPINE,32.543476,41.796307,-124.20139,-115.4833
CA,ANDERSON,32.543476,41.796307,-124.20139,-115.4833
CA,SACRAMENTO,32.543476,41.796307,-124.20139,-115.4833
CA,ATASCADERO,32.543476,41.796307,-124.20139,-115.4833
CA,AUBURN,32.543476,41.796307,-124.20139,-115.4833
CA,BAKERSFIELD,32.543476,41.796307,-124.20139,-115.4833
CA,BANNING,32.543476,41.796307,-124.20139,-115.4833
CA,BEN LOMOND,32.543476,41.796307,-124.20139,-115.4833
CA,BIG SUR,32.543476,41.796307,-124.20139,-115.4833
CA,BOULDER CREEK,32.543476,41.796307,-124.20139,-115.4833
CA,CALEXICO,32.543476,41.796307,-124.20139,-115.4833
CA,CARMEL-BY-THE-SEA,32.543476,41.796307,-124.20139,-115.4833
CA,CARMEL VALLEY,32.543476,41.796307,-124.20139,-115.4833
CA,WESTWOOD,32.543476,41.796307,-124.20139,-115.4833
CA,CHICO,32.543476,41.796307,-124.20139,-115.4833
CA,COLFAX,32.543476,41.796307,-124.20139,-115.4833
CA,COLUSA,32.543476,41.796307,-124.20139,-115.4833
CA,CONCORD,32.543476,41.796307,-124.20139,-115.4833
CA,CRESTLINE,32.543476,41.796307,-124.20139,-115.4833
CA,MONTEREY,32.543476,41.796307,-124.20139,-115.4833
CA,LOWER LAKE,32.543476,41.796307,-124.20139,-115.4833
CA,COULTERVILLE,32.543476,41.796307,-124.20139,-115.4833
CA,MIDDLETOWN,32.543476,41.796307,-124.20139,-115.4833
CA,EL CAJON,32.543476,41.796307,-124.20139,-115.4833
CA,EL CENTRO,32.543476,41.796307,-124.20139,-115.4833
CA,OXNARD,32.543476,41.796307,-124.20139,-115.4833
CA,ELK GROVE,32.543476,41.796307,-124.20139,-115.4833
CA,FELTON,32.543476,41.796307,-124.20139,-115.4833
CA,FRESNO,32.543476,41.796307,-124.20139,-115.4833
CA,LEE VINING,32.543476,41.796307,-124.20139,-115.4833
CA,MARKLEEVILLE,32.543476,41.796307,-124.20139,-115.4833
CA,BENTON,32.543476,41.796307,-124.20139,-115.4833
CA,BISHOP,32.543476,41.796307,-124.20139,-115.4833
CA,BRIDGEPORT,32.543476,41.796307,-124.20139,-115.4833
CA,OLANCHA,32.543476,41.796307,-124.20139,-115.4833
CA,MAMMOTH LAKES,32.543476,41.796307,-124.20139,-115.4833
CA,JUNE LAKE,32.543476,41.796307,-124.20139,-115.4833
CA,GILROY,32.543476,41.796307,-124.20139,-115.4833
CA,GLENDORA,32.543476,41.796307,-124.20139,-115.4833
CA,GONZALES,32.543476,41.796307,-124.20139,-115.4833
CA,GRASS VALLEY,32.543476,41.796307,-124.20139,-115.4833
CA,GRIDLEY,32.543476,41.796307,-124.20139,-115.4833
CA,HANFORD,32.543476,41.796307,-124.20139,-115.4833
CA,PASO ROBLES,32.543476,41.796307,-124.20139,-115.4833
CA,SANTA ROSA,32.543476,41.796307,-124.20139,-115.4833
CA,HOLLISTER,32.543476,41.796307,-124.20139,-115.4833
CA,EUREKA,32.543476,41.796307,-124.20139,-115.4833
CA,HURON,32.543476,41.796307,-124.20139,-115.4833
CA,INDIO,32.543476,41.796307,-124.20139,-115.4833
CA,KEELER,32.543476,41.796307,-124.20139,-115.4833
CA,KERNVILLE,32.543476,41.796307,-124.20139,-115.4833
CA,KING CITY,32.543476,41.796307,-124.20139,-115.4833
CA,LAKE ELSINORE,32.543476,41.796307,-124.20139,-115.4833
CA,LANCASTER,32.543476,41.796307,-124.20139,-115.4833
CA,SALINAS,32.543476,41.796307,-124.20139,-115.4833
CA,LEBEC,32.543476,41.796307,-124.20139,-115.4833
CA,LINCOLN,32.543476,41.796307,-124.20139,-115.4833
CA,LIVERMORE,32.543476,41.796307,-124.20139,-115.4833
CA,LOMPOC,32.543476,41.796307,-124.20139,-115.4833
CA,LOS ANGELES,32.543476,41.796307,-124.20139,-115.4833
CA,MADERA,32.543476,41.796307,-124.20139,-115.4833
CA,MANTECA,32.543476,41.796307,-124.20139,-115.4833
CA,MERCED,32.543476,41.796307,-124.20139,-115.4833
CA,NIPOMO,32.543476,41.796307,-124.20139,-115.4833
CA,RIVERSIDE,32.543476,41.796307,-124.20139,-115.4833
CA,SOUTH LAKE TAHOE,32.543476,41.796307,-124.20139,-115.4833
CA,BELLA VISTA,32.543476,41.796307,-124.20139,-115.4833
CA,SANTA MARGARITA,32.543476,41.796307,-124.20139,-115.4833
CA,HEALDSBURG,32.543476,41.796307,-124.20139,-115.4833
CA,SOMES BAR,32.543476,41.796307,-124.20139,-115.4833
CA,DIAMOND BAR,32.543476,41.796307,-124.20139,-115.4833
CA,NAPA,32.543476,41.796307,-124.20139,-115.4833
CA,HOOPA,32.543476,41.796307,-124.20139,-115.4833
CA,WEED,32.543476,41.796307,-124.20139,-115.4833
CA,HAPPY CAMP,32.543476,41.796307,-124.20139,-115.4833
CA,FAIRFIELD,32.543476,41.796307,-124.20139,-115.4833
CA,CARPINTERIA,32.543476,41.796307,-124.20139,-115.4833
CA,UKIAH,32.543476,41.796307,-124.20139,-115.4833
CA,COVELO,32.543476,41.796307,-124.20139,-115.4833
CA,SHAFTER,32.543476,41.796307,-124.20139,-115.4833
CA,OROVILLE,32.543476,41.796307,-124.20139,-115.4833
CA,ST HELENA,32.543476,41.796307,-124.20139,-115.4833
CA,SAN DIEGO,32.543476,41.796307,-124.20139,-115.4833
CA,CHALLENGE,32.543476,41.796307,-124.20139,-115.4833
CA,MODESTO,32.543476,41.796307,-124.20139,-115.4833
CA,MOJAVE,32.543476,41.796307,-124.20139,-115.4833
CA,CALIPATRIA,32.543476,41.796307,-124.20139,-115.4833
CA,ARROYO GRANDE,32.543476,41.796307,-124.20139,-115.4833
CA,NORTH HOLLYWOOD,32.543476,41.796307,-124.20139,-115.4833
CA,OAKLAND,32.543476,41.796307,-124.20139,-115.4833
CA,OJAI,32.543476,41.796307,-124.20139,-115.4833
CA,PARADISE,32.543476,41.796307,-124.20139,-115.4833
CA,FILLMORE,32.543476,41.796307,-124.20139,-115.4833
CA,PLEASANTON,32.543476,41.796307,-124.20139,-115.4833
CA,PORTERVILLE,32.543476,41.796307,-124.20139,-115.4833
CA,PORTOLA,32.543476,41.796307,-124.20139,-115.4833
CA,QUINCY,32.543476,41.796307,-124.20139,-115.4833
CA,RED BLUFF,32.543476,41.796307,-124.20139,-115.4833
CA,REDDING,32.543476,41.796307,-124.20139,-115.4833
CA,REDWOOD CITY,32.543476,41.796307,-124.20139,-115.4833
CA,RESEDA,32.543476,41.796307,-124.20139,-115.4833
CA,RIO VISTA,32.543476,41.796307,-124.20139,-115.4833
CA,SAN ANDREAS,32.543476,41.796307,-124.20139,-115.4833
CA,SAN FRANCISCO,32.543476,41.796307,-124.20139,-115.4833
CA,SAN JOSE,32.543476,41.796307,-124.20139,-115.4833
CA,SAN LUIS OBISPO,32.543476,41.796307,-124.20139,-115.4833
CA,SAN MIGUEL,32.543476,41.796307,-124.20139,-115.4833
CA,SAN PABLO,32.543476,41.796307,-124.20139,-115.4833
CA,SAN RAFAEL,32.543476,41.796307,-124.20139,-115.4833
CA,SANTA BARBARA,32.543476,41.796307,-124.20139,-115.4833
CA,SANTA CLARITA,32.543476,41.796307,-124.20139,-115.4833
CA,SANTA CRUZ,32.543476,41.796307,-124.20139,-115.4833
CA,SANTA MARIA,32.543476,41.796307,-124.20139,-115.4833
CA,THREE RIVERS,32.543476,41.796307,-124.20139,-115.4833
CA,SAN JUAN BAUTISTA,32.543476,41.796307,-124.20139,-115.4833
CA,SOLEDAD,32.543476,41.796307,-124.20139,-115.4833
CA,PETALUMA,32.543476,41.796307,-124.20139,-115.4833
CA,SPRINGVILLE,32.543476,41.796307,-124.20139,-115.4833
CA,STOCKTON,32.543476,41.796307,-124.20139,-115.4833
CA,TAHOE CITY,32.543476,41.796307,-124.20139,-115.4833
CA,THOUSAND OAKS,32.543476,41.796307,-124.20139,-115.4833
CA,MENDOTA,32.543476,41.796307,-124.20139,-115.4833
CA,TRUCKEE,32.543476,41.796307,-124.20139,-115.4833
CA,TURLOCK,32.543476,41.796307,-124.20139,-115.4833
CA,MONTAGUE,32.543476,41.796307,-124.20139,-115.4833
CA,UPLAND,32.543476,41.796307,-124.20139,-115.4833
CA,VACAVILLE,32.543476,41.796307,-124.20139,-115.4833
CA,VALLEJO,32.543476,41.796307,-124.20139,-115.4833
CA,VICTORVILLE,32.543476,41.796307,-124.20139,-115.4833
CA,VISALIA,32.543476,41.796307,-124.20139,-115.4833
CA,WEAVERVILLE,32.543476,41.796307,-124.20139,-115.4833
CA,WILLITS,32.543476,41.796307,-124.20139,-115.4833
CA,WILLOWS,32.543476,41.796307,-124.20139,-115.4833
CA,WINTERS,32.543476,41.796307,-124.20139,-115.4833
CA,WOODLAND,32.543476,41.796307,-124.20139,-115.4833
CA,YOSEMITE VALLEY,32.543476,41.796307,-124.20139,-115.4833
CA,YREKA,32.543476,41.796307,-124.20139,-115.4833
CA,YUBA CITY,32.543476,41.796307,-124.20139,-115.4833
CO,COMMERCE CITY,37.10258,40.57126,-108.5611,-104.7061
CO,BOULDER,37.10258,40.57126,-108.5611,-104.7061
CO,COLORADO SPRINGS,37.10258,40.57126,-108.5611,-104.7061
CO,DELTA,37.10258,40.57126,-108.5611,-104.7061
CO,DENVER,37.10258,40.57126,-108.5611,-104.7061
CO,FORT COLLINS,37.10258,40.57126,-108.5611,-104.7061
CO,GRAND JUNCTION,37.10258,40.57126,-108.5611,-104.7061
CO,GREELEY,37.10258,40.57126,-108.5611,-104.7061
CO,LONGMONT,37.10258,40.57126,-108.5611,-104.7061
CO,PAONIA,37.10258,40.57126,-108.5611,-104.7061
CO,RIFLE,37.10258,40.57126,-108.5611,-104.7061
CO,HOT SULPHUR SPRINGS,37.10258,40.57126,-108.5611,-104.7061
CO,FLORISSANT,37.10258,40.57126,-108.5611,-104.7061
CO,DURANGO,37.10258,40.57126,-108.5611,-104.7061
CT,EAST HARTFORD,41.1714,41.7847,-73.1953,-72.0789
CT,GROTON,41.1714,41.7847,-73.1953,-72.0789
CT,HARTFORD,41.1714,41.7847,-73.1953,-72.0789
CT,NEW HAVEN,41.1714,41.7847,-73.1953,-72.0789
CT,WATERBURY,41.1714,41.7847,-73.1953,-72.0789
Cataño,CATANO,18.428389000000006,18.428389000000006,-66.141655,-66.141655
DC,WASHINGTON,38.87516,38.92185,-77.03313,-76.95809
DE,BEAR,38.6444,39.7394,-75.7308,-75.5581
DE,WILMINGTON,38.6444,39.7394,-75.7308,-75.5581
DE,SEAFORD,38.6444,39.7394,-75.7308,-75.5581
FL,APOLLO BEACH,25.4719,30.8475,-87.2044,-80.0969
FL,ST. PETERSBURG,25.4719,30.8475,-87.2044,-80.0969
FL,SARASOTA,25.4719,30.8475,-87.2044,-80.0969
FL,DAYTONA BEACH,25.4719,30.8475,-87.2044,-80.0969
FL,BONIFAY,25.4719,30.8475,-87.2044,-80.0969
FL,CRYSTAL RIVER,25.4719,30.8475,-87.2044,-80.0969
FL,PENSACOLA,25.4719,30.8475,-87.2044,-80.0969
FL,LAKELAND,25.4719,30.8475,-87.2044,-80.0969
FL,TAMPA,25.4719,30.8475,-87.2044,-80.0969
FL,HOMESTEAD,25.4719,30.8475,-87.2044,-80.0969
FL,PALM HARBOR,25.4719,30.8475,-87.2044,-80.0969
FL,JACKSONVILLE,25.4719,30.8475,-87.2044,-80.0969
FL,LAKE CITY,25.4719,30.8475,-87.2044,-80.0969
FL,NAPLES,25.4719,30.8475,-87.2044,-80.0969
FL,MELBOURNE,25.4719,30.8475,-87.2044,-80.0969
FL,MIAMI,25.4719,30.8475,-87.2044,-80.0969
FL,FORT LAUDERDALE,25.4719,30.8475,-87.2044,-80.0969
FL,POMPANO BEACH,25.4719,30.8475,-87.2044,-80.0969
FL,LAKE MARY,25.4719,30.8475,-87.2044,-80.0969
FL,PANAMA CITY,25.4719,30.8475,-87.2044,-80.0969
FL,CLEARWATER,25.4719,30.8475,-87.2044,-80.0969
FL,PARRISH,25.4719,30.8475,-87.2044,-80.0969
FL,TALLAHASSEE,25.4719,30.8475,-87.2044,-80.0969
FL,DAVIE,25.4719,30.8475,-87.2044,-80.0969
FL,FORT MYERS,25.4719,30.8475,-87.2044,-80.0969
FL,YULEE,25.4719,30.8475,-87.2044,-80.0969
GA,AUGUSTA,30.8486,34.9789,-85.32333,-81.1306
GA,COLUMBUS,30.8486,34.9789,-85.32333,-81.1306
GA,ATLANTA,30.8486,34.9789,-85.32333,-81.1306
GA,GAINESVILLE,30.8486,34.9789,-85.32333,-81.1306
GA,MCDONOUGH,30.8486,34.9789,-85.32333,-81.1306
GA,NEWNAN,30.8486,34.9789,-85.32333,-81.1306
GA,ROME,30.8486,34.9789,-85.32333,-81.1306
GA,ROSSVILLE,30.8486,34.9789,-85.32333,-81.1306
GA,SAVANNAH,30.8486,34.9789,-85.32333,-81.1306
GA,VALDOSTA,30.8486,34.9789,-85.32333,-81.1306
GA,WARNER ROBINS,30.8486,34.9789,-85.32333,-81.1306
HI,HILO,19.117561,21.392834,-158.0886,-154.94146999999995
HI,HONOLULU,19.117561,21.392834,-158.0886,-154.94146999999995
HI,KAHULUI,19.117561,21.392834,-158.0886,-154.94146999999995
HI,KAPOLEI,19.117561,21.392834,-158.0886,-154.94146999999995
HI,KIHEI,19.117561,21.392834,-158.0886,-154.94146999999995
HI,KEALAKEKUA,19.117561,21.392834,-158.0886,-154.94146999999995
HI,MOUNTAIN VIEW,19.117561,21.392834,-158.0886,-154.94146999999995
HI,OCEAN VIEW,19.117561,21.392834,-158.0886,-154.94146999999995
HI,PĀHOA,19.117561,21.392834,-158.0886,-154.94146999999995
HI,PAIA,19.117561,21.392834,-158.0886,-154.94146999999995
HI,PEARL CITY,19.117561,21.392834,-158.0886,-154.94146999999995
IA,DES MOINES,40.6933,42.5014,-95.045,-90.1775
IA,CLINTON,40.6933,42.5014,-95.045,-90.1775
IA,DAVENPORT,40.6933,42.5014,-95.045,-90.1775
IA,IOWA CITY,40.6933,42.5014,-95.045,-90.1775
IA,KEOSAUQUA,40.6933,42.5014,-95.045,-90.1775
IA,MUSCATINE,40.6933,42.5014,-95.045,-90.1775
IA,CEDAR RAPIDS,40.6933,42.5014,-95.045,-90.1775
IA,STANTON,40.6933,42.5014,-95.045,-90.1775
IA,WATERLOO,40.6933,42.5014,-95.045,-90.1775
ID,BONNERS FERRY,42.082222,48.894012,-116.9914,-111.61472
ID,COTTONWOOD,42.082222,48.894012,-116.9914,-111.61472
ID,GARDEN CITY,42.082222,48.894012,-116.9914,-111.61472
ID,GARDEN VALLEY,42.082222,48.894012,-116.9914,-111.61472
ID,GRANGEVILLE,42.082222,48.894012,-116.9914,-111.61472
ID,IDAHO CITY,42.082222,48.894012,-116.9914,-111.61472
ID,IDAHO FALLS,42.082222,48.894012,-116.9914,-111.61472
ID,JULIAETTA,42.082222,48.894012,-116.9914,-111.61472
ID,KAMIAH,42.082222,48.894012,-116.9914,-111.61472
ID,KETCHUM,42.082222,48.894012,-116.9914,-111.61472
ID,HAYDEN,42.082222,48.894012,-116.9914,-111.61472
ID,LAPWAI,42.082222,48.894012,-116.9914,-111.61472
ID,LEWISTON,42.082222,48.894012,-116.9914,-111.61472
ID,MCCALL,42.082222,48.894012,-116.9914,-111.61472
ID,JEROME,42.082222,48.894012,-116.9914,-111.61472
ID,MOSCOW,42.082222,48.894012,-116.9914,-111.61472
ID,NAMPA,42.082222,48.894012,-116.9914,-111.61472
ID,COEUR D'ALENE,42.082222,48.894012,-116.9914,-111.61472
ID,PAUL,42.082222,48.894012,-116.9914,-111.61472
ID,PINEHURST,42.082222,48.894012,-116.9914,-111.61472
ID,PLUMMER,42.082222,48.894012,-116.9914,-111.61472
ID,POCATELLO,42.082222,48.894012,-116.9914,-111.61472
ID,POTLATCH,42.082222,48.894012,-116.9914,-111.61472
ID,PRESTON,42.082222,48.894012,-116.9914,-111.61472
ID,SALMON,42.082222,48.894012,-116.9914,-111.61472
ID,SANDPOINT,42.082222,48.894012,-116.9914,-111.61472
ID,ARBON,42.082222,48.894012,-116.9914,-111.61472
ID,SODA SPRINGS,42.082222,48.894012,-116.9914,-111.61472
ID,ST MARIES,42.082222,48.894012,-116.9914,-111.61472
ID,WEISER,42.082222,48.894012,-116.9914,-111.61472
IL,ALSIP,38.0889,42.26700200000001,-90.5172,-87.55739
IL,CHAMPAIGN,38.0889,42.26700200000001,-90.5172,-87.55739
IL,CHICAGO,38.0889,42.26700200000001,-90.5172,-87.55739
IL,CICERO,38.0889,42.26700200000001,-90.5172,-87.55739
IL,DES PLAINES,38.0889,42.26700200000001,-90.5172,-87.55739
IL,EAST ST LOUIS,38.0889,42.26700200000001,-90.5172,-87.55739
IL,GRANITE CITY,38.0889,42.26700200000001,-90.5172,-87.55739
IL,SPARTA,38.0889,42.26700200000001,-90.5172,-87.55739
IL,JERSEYVILLE,38.0889,42.26700200000001,-90.5172,-87.55739
IL,JOLIET,38.0889,42.26700200000001,-90.5172,-87.55739
IL,LANSING,38.0889,42.26700200000001,-90.5172,-87.55739
IL,MCLEANSBORO,38.0889,42.26700200000001,-90.5172,-87.55739
IL,NORTHBROOK,38.0889,42.26700200000001,-90.5172,-87.55739
IL,PEORIA,38.0889,42.26700200000001,-90.5172,-87.55739
IL,ROCKFORD,38.0889,42.26700200000001,-90.5172,-87.55739
IL,MOLINE,38.0889,42.26700200000001,-90.5172,-87.55739
IL,SPRINGFIELD,38.0889,42.26700200000001,-90.5172,-87.55739
IN,BLOOMINGTON,38.288193,41.6967,-87.49504,-85.101814
IN,ELKHART,38.288193,41.6967,-87.49504,-85.101814
IN,FORT WAYNE,38.288193,41.6967,-87.49504,-85.101814
IN,HAMMOND,38.288193,41.6967,-87.49504,-85.101814
IN,INDIANAPOLIS,38.288193,41.6967,-87.49504,-85.101814
IN,JEFFERSONVILLE,38.288193,41.6967,-87.49504,-85.101814
IN,LAFAYETTE,38.288193,41.6967,-87.49504,-85.101814
IN,OGDEN DUNES,38.288193,41.6967,-87.49504,-85.101814
IN,SOUTH BEND,38.288193,41.6967,-87.49504,-85.101814
IN,TERRE HAUTE,38.288193,41.6967,-87.49504,-85.101814
KS,CHANUTE,37.4769,39.1175,-97.3664,-94.6356
KS,OLATHE,37.4769,39.1175,-97.3664,-94.6356
KS,TOPEKA,37.4769,39.1175,-97.3664,-94.6356
KS,PECK,37.4769,39.1175,-97.3664,-94.6356
KS,WICHITA,37.4769,39.1175,-97.3664,-94.6356
KS,KANSAS CITY,37.4769,39.1175,-97.3664,-94.6356
KY,HENDERSON,37.0581,38.2317,-88.5725,-82.5353
KY,JEFFERSONTOWN,37.0581,38.2317,-88.5725,-82.5353
KY,ELIZABETHTOWN,37.0581,38.2317,-88.5725,-82.5353
KY,LOUISVILLE,37.0581,38.2317,-88.5725,-82.5353
KY,HAZARD,37.0581,38.2317,-88.5725,-82.5353
KY,PADUCAH,37.0581,38.2317,-88.5725,-82.5353
KY,LEXINGTON,37.0581,38.2317,-88.5725,-82.5353
KY,OWENSBORO,37.0581,38.2317,-88.5725,-82.5353
KY,PIKEVILLE,37.0581,38.2317,-88.5725,-82.5353
LA,BATON ROUGE,29.7639,32.5364,-93.7492,-89.9761
LA,CHALMETTE,29.7639,32.5364,-93.7492,-89.9761
LA,NEW ORLEANS,29.7639,32.5364,-93.7492,-89.9761
LA,FRENCH SETTLEMENT,29.7639,32.5364,-93.7492,-89.9761
LA,KENNER,29.7639,32.5364,-93.7492,-89.9761
LA,MADISONVILLE,29.7639,32.5364,-93.7492,-89.9761
LA,SHREVEPORT,29.7639,32.5364,-93.7492,-89.9761
LA,THIBODAUX,29.7639,32.5364,-93.7492,-89.9761
LA,WESTLAKE,29.7639,32.5364,-93.7492,-89.9761
MA,BOSTON,41.6833,42.7708,-73.2547,-70.96276999999998
MA,BROCKTON,41.6833,42.7708,-73.2547,-70.96276999999998
MA,CHELMSFORD,41.6833,42.7708,-73.2547,-70.96276999999998
MA,CHICOPEE,41.6833,42.7708,-73.2547,-70.96276999999998
MA,FALL RIVER,41.6833,42.7708,-73.2547,-70.96276999999998
MA,GREENFIELD,41.6833,42.7708,-73.2547,-70.96276999999998
MA,HAVERHILL,41.6833,42.7708,-73.2547,-70.96276999999998
MA,LYNN,41.6833,42.7708,-73.2547,-70.96276999999998
MA,NORTH ADAMS,41.6833,42.7708,-73.2547,-70.96276999999998
MA,PITTSFIELD,41.6833,42.7708,-73.2547,-70.96276999999998
MA,WEYMOUTH,41.6833,42.7708,-73.2547,-70.96276999999998
MA,WORCESTER,41.6833,42.7708,-73.2547,-70.96276999999998
MD,GUNPOWDER,38.5876,39.7011,-77.7219,-75.7972
MD,ELKTON,38.5876,39.7011,-77.7219,-75.7972
MD,HAGERSTOWN,38.5876,39.7011,-77.7219,-75.7972
MD,CAMBRIDGE,38.5876,39.7011,-77.7219,-75.7972
MD,MILLINGTON,38.5876,39.7011,-77.7219,-75.7972
MD,BALTIMORE,38.5876,39.7011,-77.7219,-75.7972
MD,COCKEYSVILLE,38.5876,39.7011,-77.7219,-75.7972
MD,DERWOOD,38.5876,39.7011,-77.7219,-75.7972
ME,BAR HARBOR,43.660248,47.3553,-70.5463,-67.88257
ME,BANGOR,43.660248,47.3553,-70.5463,-67.88257
ME,CARRABASSETT VALLEY,43.660248,47.3553,-70.5463,-67.88257
ME,LITTLETON,43.660248,47.3553,-70.5463,-67.88257
ME,MADAWASKA,43.660248,47.3553,-70.5463,-67.88257
ME,PRESQUE ISLE,43.660248,47.3553,-70.5463,-67.88257
ME,PORTLAND,43.660248,47.3553,-70.5463,-67.88257
ME,RUMFORD,43.660248,47.3553,-70.5463,-67.88257
MI,ALLEN PARK,41.9956,44.3106,-85.6711,-82.4564
MI,BAY CITY,41.9956,44.3106,-85.6711,-82.4564
MI,DEARBORN,41.9956,44.3106,-85.6711,-82.4564
MI,DETROIT,41.9956,44.3106,-85.6711,-82.4564
MI,FLINT,41.9956,44.3106,-85.6711,-82.4564
MI,GRAND RAPIDS,41.9956,44.3106,-85.6711,-82.4564
MI,MERRITT,41.9956,44.3106,-85.6711,-82.4564
MI,KALAMAZOO,41.9956,44.3106,-85.6711,-82.4564
MI,LIVONIA,41.9956,44.3106,-85.6711,-82.4564
MI,PORT HURON,41.9956,44.3106,-85.6711,-82.4564
MI,TECUMSEH,41.9956,44.3106,-85.6711,-82.4564
MI,YPSILANTI,41.9956,44.3106,-85.6711,-82.4564
MN,BLAINE,43.9947,47.9721,-95.835,-89.6908
MN,BRAINERD,43.9947,47.9721,-95.835,-89.6908
MN,DULUTH,43.9947,47.9721,-95.835,-89.6908
MN,CLOQUET,43.9947,47.9721,-95.835,-89.6908
MN,GRAND PORTAGE,43.9947,47.9721,-95.835,-89.6908
MN,LAKEVILLE,43.9947,47.9721,-95.835,-89.6908
MN,CASS LAKE,43.9947,47.9721,-95.835,-89.6908
MN,MARSHALL,43.9947,47.9721,-95.835,-89.6908
MN,MINNEAPOLIS,43.9947,47.9721,-95.835,-89.6908
MN,SHEVLIN,43.9947,47.9721,-95.835,-89.6908
MN,ROCHESTER,43.9947,47.9721,-95.835,-89.6908
MN,SHAKOPEE,43.9947,47.9721,-95.835,-89.6908
MN,ST PAUL,43.9947,47.9721,-95.835,-89.6908
MN,ST CLOUD,43.9947,47.9721,-95.835,-89.6908
MN,ST MICHAEL,43.9947,47.9721,-95.835,-89.6908
MN,VIRGINIA,43.9947,47.9721,-95.835,-89.6908
MO,ARNOLD,37.256138,39.7417,-94.8583,-90.18977
MO,ST. LOUIS,37.256138,39.7417,-94.8583,-90.18977
MO,EL DORADO SPRINGS,37.256138,39.7417,-94.8583,-90.18977
MO,KEARNEY,37.256138,39.7417,-94.8583,-90.18977
MO,BELTON,37.256138,39.7417,-94.8583,-90.18977
MO,ST JOSEPH,37.256138,39.7417,-94.8583,-90.18977
MS,CLEVELAND,30.3008,34.8275,-90.73417,-88.5339
MS,GULFPORT,30.3008,34.8275,-90.73417,-88.5339
MS,HATTIESBURG,30.3008,34.8275,-90.73417,-88.5339
MS,HERNANDO,30.3008,34.8275,-90.73417,-88.5339
MS,JACKSON,30.3008,34.8275,-90.73417,-88.5339
MS,PASCAGOULA,30.3008,34.8275,-90.73417,-88.5339
MS,WAVELAND,30.3008,34.8275,-90.73417,-88.5339
MT,BILLINGS,45.206448,48.97123,-115.548,-108.42655
MT,BOZEMAN,45.206448,48.97123,-115.548,-108.42655
MT,BUTTE,45.206448,48.97123,-115.548,-108.42655
MT,BONNER,45.206448,48.97123,-115.548,-108.42655
MT,COLUMBIA FALLS,45.206448,48.97123,-115.548,-108.42655
MT,CUT BANK,45.206448,48.97123,-115.548,-108.42655
MT,DILLON,45.206448,48.97123,-115.548,-108.42655
MT,FRENCHTOWN,45.206448,48.97123,-115.548,-108.42655
MT,GREAT FALLS,45.206448,48.97123,-115.548,-108.42655
MT,HAMILTON,45.206448,48.97123,-115.548,-108.42655
MT,HAVRE,45.206448,48.97123,-115.548,-108.42655
MT,LEWISTOWN,45.206448,48.97123,-115.548,-108.42655
MT,LIBBY,45.206448,48.97123,-115.548,-108.42655
MT,MISSOULA,45.206448,48.97123,-115.548,-108.42655
MT,WHITE SULPHUR SPRINGS,45.206448,48.97123,-115.548,-108.42655
MT,HELENA,45.206448,48.97123,-115.548,-108.42655
MT,SEELEY LAKE,45.206448,48.97123,-115.548,-108.42655
MT,THOMPSON FALLS,45.206448,48.97123,-115.548,-108.42655
MT,REXFORD,45.206448,48.97123,-115.548,-108.42655
NC,ASHEVILLE,34.3561,36.1106,-83.4436,-77.358
NC,SANFORD,34.3561,36.1106,-83.4436,-77.358
NC,BRYSON CITY,34.3561,36.1106,-83.4436,-77.358
NC,CANDOR,34.3561,36.1106,-83.4436,-77.358
NC,CASTLE HAYNE,34.3561,36.1106,-83.4436,-77.358
NC,WINSTON-SALEM,34.3561,36.1106,-83.4436,-77.358
NC,DURHAM,34.3561,36.1106,-83.4436,-77.358
NC,CHARLOTTE,34.3561,36.1106,-83.4436,-77.358
NC,HICKORY,34.3561,36.1106,-83.4436,-77.358
NC,LEGGETT,34.3561,36.1106,-83.4436,-77.358
NC,GREENSBORO,34.3561,36.1106,-83.4436,-77.358
NC,RALEIGH,34.3561,36.1106,-83.4436,-77.358
NC,GREENVILLE,34.3561,36.1106,-83.4436,-77.358
NC,SYLVA,34.3561,36.1106,-83.4436,-77.358
NC,MORRISVILLE,34.3561,36.1106,-83.4436,-77.358
NE,BELLEVUE,40.8125,41.2474,-96.6831,-95.95608
NE,OMAHA,40.8125,41.2474,-96.6831,-95.95608
NH,KEENE,42.862537,43.075367,-72.2778,-70.74802
NH,LONDONDERRY,42.862537,43.075367,-72.2778,-70.74802
NH,PORTSMOUTH,42.862537,43.075367,-72.2778,-70.74802
NJ,GALLOWAY,39.42227000000001,40.924606,-75.12529,-73.9661
NJ,CAMDEN,39.42227000000001,40.924606,-75.12529,-73.9661
NJ,COLUMBIA,39.42227000000001,40.924606,-75.12529,-73.9661
NJ,FLEMINGTON,39.42227000000001,40.924606,-75.12529,-73.9661
NJ,FORT LEE,39.42227000000001,40.924606,-75.12529,-73.9661
NJ,JERSEY CITY,39.42227000000001,40.924606,-75.12529,-73.9661
NJ,MILLVILLE,39.42227000000001,40.924606,-75.12529,-73.9661
NJ,NEWARK,39.42227000000001,40.924606,-75.12529,-73.9661
NJ,RAHWAY,39.42227000000001,40.924606,-75.12529,-73.9661
NJ,LAWRENCE TOWNSHIP,39.42227000000001,40.924606,-75.12529,-73.9661
NM,ANTHONY,31.7961,36.3833,-106.75121,-103.1233
NM,ALBUQUERQUE,31.7961,36.3833,-106.75121,-103.1233
NM,SUNLAND PARK,31.7961,36.3833,-106.75121,-103.1233
NM,HOBBS,31.7961,36.3833,-106.75121,-103.1233
NM,LAS CRUCES,31.7961,36.3833,-106.75121,-103.1233
NM,BERNALILLO,31.7961,36.3833,-106.75121,-103.1233
NM,SANTA FE,31.7961,36.3833,-106.75121,-103.1233
NM,TAOS,31.7961,36.3833,-106.75121,-103.1233
NV,CARSON CITY,36.04874,39.621418,-119.80772,-115.05288
NV,NORTH LAS VEGAS,36.04874,39.621418,-119.80772,-115.05288
NV,LAS VEGAS,36.04874,39.621418,-119.80772,-115.05288
NV,GARDNERVILLE,36.04874,39.621418,-119.80772,-115.05288
NV,RENO,36.04874,39.621418,-119.80772,-115.05288
NV,SPARKS,36.04874,39.621418,-119.80772,-115.05288
NY,ALBANY,40.7447,44.9806,-78.8993,-73.0575
NY,THE BRONX,40.7447,44.9806,-78.8993,-73.0575
NY,BUFFALO,40.7447,44.9806,-78.8993,-73.0575
NY,CHEEKTOWAGA,40.7447,44.9806,-78.8993,-73.0575
NY,WESTBURY,40.7447,44.9806,-78.8993,-73.0575
NY,HOLTSVILLE,40.7447,44.9806,-78.8993,-73.0575
NY,NEWBURGH,40.7447,44.9806,-78.8993,-73.0575
NY,ADDISON,40.7447,44.9806,-78.8993,-73.0575
NY,POMONA,40.7447,44.9806,-78.8993,-73.0575
NY,HOGANSBURG,40.7447,44.9806,-78.8993,-73.0575
NY,TONAWANDA,40.7447,44.9806,-78.8993,-73.0575
NY,UTICA,40.7447,44.9806,-78.8993,-73.0575
NY,WHITE PLAINS,40.7447,44.9806,-78.8993,-73.0575
OH,SHEFFIELD LAKE,38.508114,41.72681,-84.72049,-80.61569
OH,BATAVIA,38.508114,41.72681,-84.72049,-80.61569
OH,CANTON,38.508114,41.72681,-84.72049,-80.61569
OH,MEDINA,38.508114,41.72681,-84.72049,-80.61569
OH,CINCINNATI,38.508114,41.72681,-84.72049,-80.61569
OH,CLEVES,38.508114,41.72681,-84.72049,-80.61569
OH,DAYTON,38.508114,41.72681,-84.72049,-80.61569
OH,AKRON,38.508114,41.72681,-84.72049,-80.61569
OH,TOLEDO,38.508114,41.72681,-84.72049,-80.61569
OH,IRONTON,38.508114,41.72681,-84.72049,-80.61569
OH,LIMA,38.508114,41.72681,-84.72049,-80.61569
OH,NEW ALBANY,38.508114,41.72681,-84.72049,-80.61569
OH,PAINESVILLE,38.508114,41.72681,-84.72049,-80.61569
OH,NEW PARIS,38.508114,41.72681,-84.72049,-80.61569
OH,STEUBENVILLE,38.508114,41.72681,-84.72049,-80.61569
OH,BLUE ASH,38.508114,41.72681,-84.72049,-80.61569
OH,WARREN,38.508114,41.72681,-84.72049,-80.61569
OH,WEST UNION,38.508114,41.72681,-84.72049,-80.61569
OH,YELLOW SPRINGS,38.508114,41.72681,-84.72049,-80.61569
OH,YOUNGSTOWN,38.508114,41.72681,-84.72049,-80.61569
OK,COPAN,34.2569,36.922222,-98.4288,-94.524414
OK,GLENPOOL,34.2569,36.922222,-98.4288,-94.524414
OK,HEALDTON,34.2569,36.922222,-98.4288,-94.524414
OK,LAWTON,34.2569,36.922222,-98.4288,-94.524414
OK,MCALESTER,34.2569,36.922222,-98.4288,-94.524414
OK,MCLOUD,34.2569,36.922222,-98.4288,-94.524414
OK,WYANDOTTE,34.2569,36.922222,-98.4288,-94.524414
OK,MOORE,34.2569,36.922222,-98.4288,-94.524414
OK,OKLAHOMA CITY,34.2569,36.922222,-98.4288,-94.524414
OK,PONCA CITY,34.2569,36.922222,-98.4288,-94.524414
OK,ROLAND,34.2569,36.922222,-98.4288,-94.524414
OK,STILWELL,34.2569,36.922222,-98.4288,-94.524414
OK,TULSA,34.2569,36.922222,-98.4288,-94.524414
OR,ASHLAND,42.1617,45.828968,-124.26388500000002,-117.29607
OR,BAKER CITY,42.1617,45.828968,-124.26388500000002,-117.29607
OR,BEAVERTON,42.1617,45.828968,-124.26388500000002,-117.29607
OR,BEND,42.1617,45.828968,-124.26388500000002,-117.29607
OR,BURNS,42.1617,45.828968,-124.26388500000002,-117.29607
OR,CAVE JUNCTION,42.1617,45.828968,-124.26388500000002,-117.29607
OR,CHILOQUIN,42.1617,45.828968,-124.26388500000002,-117.29607
OR,CORVALLIS,42.1617,45.828968,-124.26388500000002,-117.29607
OR,COTTAGE GROVE,42.1617,45.828968,-124.26388500000002,-117.29607
OR,COVE,42.1617,45.828968,-124.26388500000002,-117.29607
OR,COOS BAY,42.1617,45.828968,-124.26388500000002,-117.29607
OR,ENTERPRISE,42.1617,45.828968,-124.26388500000002,-117.29607
OR,EUGENE,42.1617,45.828968,-124.26388500000002,-117.29607
OR,GLIDE,42.1617,45.828968,-124.26388500000002,-117.29607
OR,GRANTS PASS,42.1617,45.828968,-124.26388500000002,-117.29607
OR,HERMISTON,42.1617,45.828968,-124.26388500000002,-117.29607
OR,HILLSBORO,42.1617,45.828968,-124.26388500000002,-117.29607
OR,HOOD RIVER,42.1617,45.828968,-124.26388500000002,-117.29607
OR,JOHN DAY,42.1617,45.828968,-124.26388500000002,-117.29607
OR,KLAMATH FALLS,42.1617,45.828968,-124.26388500000002,-117.29607
OR,LA GRANDE,42.1617,45.828968,-124.26388500000002,-117.29607
OR,LAKEVIEW,42.1617,45.828968,-124.26388500000002,-117.29607
OR,LYONS,42.1617,45.828968,-124.26388500000002,-117.29607
OR,MADRAS,42.1617,45.828968,-124.26388500000002,-117.29607
OR,MEDFORD,42.1617,45.828968,-124.26388500000002,-117.29607
OR,MILL CITY,42.1617,45.828968,-124.26388500000002,-117.29607
OR,RHODODENDRON,42.1617,45.828968,-124.26388500000002,-117.29607
OR,OAKRIDGE,42.1617,45.828968,-124.26388500000002,-117.29607
OR,PENDLETON,42.1617,45.828968,-124.26388500000002,-117.29607
OR,OREGON CITY,42.1617,45.828968,-124.26388500000002,-117.29607
OR,PRINEVILLE,42.1617,45.828968,-124.26388500000002,-117.29607
OR,WILLIAMS,42.1617,45.828968,-124.26388500000002,-117.29607
OR,ROSEBURG,42.1617,45.828968,-124.26388500000002,-117.29607
OR,SALEM,42.1617,45.828968,-124.26388500000002,-117.29607
OR,SHADY COVE,42.1617,45.828968,-124.26388500000002,-117.29607
OR,SILVERTON,42.1617,45.828968,-124.26388500000002,-117.29607
OR,SISTERS,42.1617,45.828968,-124.26388500000002,-117.29607
OR,SWEET HOME,42.1617,45.828968,-124.26388500000002,-117.29607
OR,TALENT,42.1617,45.828968,-124.26388500000002,-117.29607
OR,THE DALLES,42.1617,45.828968,-124.26388500000002,-117.29607
OR,TURNER,42.1617,45.828968,-124.26388500000002,-117.29607
PA,ALLENTOWN,39.818714,41.867336,-80.485,-75.08083
PA,ALTOONA,39.818714,41.867336,-80.485,-75.08083
PA,BIGLERVILLE,39.818714,41.867336,-80.485,-75.08083
PA,PITTSBURGH,39.818714,41.867336,-80.485,-75.08083
PA,BEAVER FALLS,39.818714,41.867336,-80.485,-75.08083
PA,CARLISLE,39.818714,41.867336,-80.485,-75.08083
PA,CHARLEROI,39.818714,41.867336,-80.485,-75.08083
PA,CHESTER,39.818714,41.867336,-80.485,-75.08083
PA,PHILADELPHIA,39.818714,41.867336,-80.485,-75.08083
PA,FARRELL,39.818714,41.867336,-80.485,-75.08083
PA,BURGETTSTOWN,39.818714,41.867336,-80.485,-75.08083
PA,FREEMANSBURG,39.818714,41.867336,-80.485,-75.08083
PA,GREENSBURG,39.818714,41.867336,-80.485,-75.08083
PA,HARRISBURG,39.818714,41.867336,-80.485,-75.08083
PA,WAYNESBURG,39.818714,41.867336,-80.485,-75.08083
PA,JOHNSTOWN,39.818714,41.867336,-80.485,-75.08083
PA,KITTANNING,39.818714,41.867336,-80.485,-75.08083
PA,RONKS,39.818714,41.867336,-80.485,-75.08083
PA,LEBANON,39.818714,41.867336,-80.485,-75.08083
PA,MARCUS HOOK,39.818714,41.867336,-80.485,-75.08083
PA,NEW MILFORD,39.818714,41.867336,-80.485,-75.08083
PA,PLYMOUTH MEETING,39.818714,41.867336,-80.485,-75.08083
PA,SWIFTWATER,39.818714,41.867336,-80.485,-75.08083
PA,READING,39.818714,41.867336,-80.485,-75.08083
PA,JERSEY SHORE,39.818714,41.867336,-80.485,-75.08083
PA,THROOP,39.818714,41.867336,-80.485,-75.08083
PA,MONROE,39.818714,41.867336,-80.485,-75.08083
PA,TUNKHANNOCK,39.818714,41.867336,-80.485,-75.08083
PA,UNIONTOWN,39.818714,41.867336,-80.485,-75.08083
PA,YORK,39.818714,41.867336,-80.485,-75.08083
RI,PROVIDENCE,41.4942,41.8403,-71.7197,-71.3617
RI,SAUNDERSTOWN,41.4942,41.8403,-71.7197,-71.3617
RI,WEST GREENWICH,41.4942,41.8403,-71.7197,-71.3617
SC,ISLANDTON,32.791,34.9556,-82.4146,-79.657
SC,AWENDAW,32.791,34.9556,-82.4146,-79.657
SC,CHARLESTON,32.791,34.9556,-82.4146,-79.657
SC,SPARTANBURG,32.791,34.9556,-82.4146,-79.657
SC,TRENTON,32.791,34.9556,-82.4146,-79.657
SC,FLORENCE,32.791,34.9556,-82.4146,-79.657
SD,ABERDEEN,42.75152,45.468597,-103.27377,-96.70077
SD,RAPID CITY,42.75152,45.468597,-103.27377,-96.70077
SD,PIERRE,42.75152,45.468597,-103.27377,-96.70077
SD,BROOKINGS,42.75152,45.468597,-103.27377,-96.70077
SD,SIOUX FALLS,42.75152,45.468597,-103.27377,-96.70077
SD,ELK POINT,42.75152,45.468597,-103.27377,-96.70077
SD,WATERTOWN,42.75152,45.468597,-103.27377,-96.70077
TN,KNOXVILLE,35.0508,36.611412,-89.85022,-82.5217
TN,CLARKSVILLE,35.0508,36.611412,-89.85022,-82.5217
TN,COOKEVILLE,35.0508,36.611412,-89.85022,-82.5217
TN,DYERSBURG,35.0508,36.611412,-89.85022,-82.5217
TN,HARRIMAN,35.0508,36.611412,-89.85022,-82.5217
TN,HENDERSONVILLE,35.0508,36.611412,-89.85022,-82.5217
TN,KINGSPORT,35.0508,36.611412,-89.85022,-82.5217
TN,LORETTO,35.0508,36.611412,-89.85022,-82.5217
TN,NASHVILLE,35.0508,36.611412,-89.85022,-82.5217
TN,TALLASSEE,35.0508,36.611412,-89.85022,-82.5217
TN,LOUDON,35.0508,36.611412,-89.85022,-82.5217
TN,MARYVILLE,35.0508,36.611412,-89.85022,-82.5217
TN,CHATTANOOGA,35.0508,36.611412,-89.85022,-82.5217
TN,MEMPHIS,35.0508,36.611412,-89.85022,-82.5217
TX,AMARILLO,25.8925,35.2006,-106.501114,-93.8731
TX,ARLINGTON,25.8925,35.2006,-106.501114,-93.8731
TX,EL PASO,25.8925,35.2006,-106.501114,-93.8731
TX,LEANDER,25.8925,35.2006,-106.501114,-93.8731
TX,AUSTIN,25.8925,35.2006,-106.501114,-93.8731
TX,BAYTOWN,25.8925,35.2006,-106.501114,-93.8731
TX,BROWNSVILLE,25.8925,35.2006,-106.501114,-93.8731
TX,SAN ANTONIO,25.8925,35.2006,-106.501114,-93.8731
TX,HOUSTON,25.8925,35.2006,-106.501114,-93.8731
TX,CONROE,25.8925,35.2006,-106.501114,-93.8731
TX,CORPUS CHRISTI,25.8925,35.2006,-106.501114,-93.8731
TX,DENTON,25.8925,35.2006,-106.501114,-93.8731
TX,FAYETTEVILLE,25.8925,35.2006,-106.501114,-93.8731
TX,GALVESTON,25.8925,35.2006,-106.501114,-93.8731
TX,HAMSHIRE,25.8925,35.2006,-106.501114,-93.8731
TX,FORT WORTH,25.8925,35.2006,-106.501114,-93.8731
TX,SOUTH PADRE ISLAND,25.8925,35.2006,-106.501114,-93.8731
TX,ITALY,25.8925,35.2006,-106.501114,-93.8731
TX,KAUFMAN,25.8925,35.2006,-106.501114,-93.8731
TX,KINGWOOD,25.8925,35.2006,-106.501114,-93.8731
TX,LUBBOCK,25.8925,35.2006,-106.501114,-93.8731
TX,MIDLOTHIAN,25.8925,35.2006,-106.501114,-93.8731
TX,MISSION,25.8925,35.2006,-106.501114,-93.8731
TX,ODESSA,25.8925,35.2006,-106.501114,-93.8731
TX,SEABROOK,25.8925,35.2006,-106.501114,-93.8731
TX,SELMA,25.8925,35.2006,-106.501114,-93.8731
TX,ORANGE,25.8925,35.2006,-106.501114,-93.8731
TX,SOCORRO,25.8925,35.2006,-106.501114,-93.8731
TX,TEXARKANA,25.8925,35.2006,-106.501114,-93.8731
TX,PORT ARTHUR,25.8925,35.2006,-106.501114,-93.8731
UT,BRIGHAM CITY,37.179,41.84277700000001,-113.3052,-109.56083
UT,MIDVALE,37.179,41.84277700000001,-113.3052,-109.56083
UT,ENOCH,37.179,41.84277700000001,-113.3052,-109.56083
UT,ERDA,37.179,41.84277700000001,-113.3052,-109.56083
UT,SALT LAKE CITY,37.179,41.84277700000001,-113.3052,-109.56083
UT,HERRIMAN,37.179,41.84277700000001,-113.3052,-109.56083
UT,HURRICANE,37.179,41.84277700000001,-113.3052,-109.56083
UT,LINDON,37.179,41.84277700000001,-113.3052,-109.56083
UT,MAGNA,37.179,41.84277700000001,-113.3052,-109.56083
UT,PROVO,37.179,41.84277700000001,-113.3052,-109.56083
UT,MURRAY,37.179,41.84277700000001,-113.3052,-109.56083
UT,OGDEN,37.179,41.84277700000001,-113.3052,-109.56083
UT,ROOSEVELT,37.179,41.84277700000001,-113.3052,-109.56083
UT,SMITHFIELD,37.179,41.84277700000001,-113.3052,-109.56083
UT,SPANISH FORK,37.179,41.84277700000001,-113.3052,-109.56083
UT,TOOELE,37.179,41.84277700000001,-113.3052,-109.56083
UT,VERNAL,37.179,41.84277700000001,-113.3052,-109.56083
VA,CHARLOTTESVILLE,37.2856,38.7717,-79.8842,-77.1089
VA,VINTON,37.2856,38.7717,-79.8842,-77.1089
VA,ALEXANDRIA,37.2856,38.7717,-79.8842,-77.1089
VA,RICHMOND,37.2856,38.7717,-79.8842,-77.1089
VT,BENNINGTON,42.8875,44.52839,-73.2497,-72.86896999999998
VT,BURLINGTON,42.8875,44.52839,-73.2497,-72.86896999999998
VT,RUTLAND,42.8875,44.52839,-73.2497,-72.86896999999998
VT,UNDERHILL,42.8875,44.52839,-73.2497,-72.86896999999998
WA,AIRWAY HEIGHTS,45.64336,48.9507,-124.61005,-117.04909
WA,ANACORTES,45.64336,48.9507,-124.61005,-117.04909
WA,BELLINGHAM,45.64336,48.9507,-124.61005,-117.04909
WA,BREMERTON,45.64336,48.9507,-124.61005,-117.04909
WA,BREWSTER,45.64336,48.9507,-124.61005,-117.04909
WA,CHEHALIS,45.64336,48.9507,-124.61005,-117.04909
WA,CHELAN,45.64336,48.9507,-124.61005,-117.04909
WA,CLARKSTON,45.64336,48.9507,-124.61005,-117.04909
WA,CLE ELUM,45.64336,48.9507,-124.61005,-117.04909
WA,COLBERT,45.64336,48.9507,-124.61005,-117.04909
WA,COLVILLE,45.64336,48.9507,-124.61005,-117.04909
WA,CUSTER,45.64336,48.9507,-124.61005,-117.04909
WA,DARRINGTON,45.64336,48.9507,-124.61005,-117.04909
WA,ELLENSBURG,45.64336,48.9507,-124.61005,-117.04909
WA,KENNEWICK,45.64336,48.9507,-124.61005,-117.04909
WA,KENT,45.64336,48.9507,-124.61005,-117.04909
WA,LACEY,45.64336,48.9507,-124.61005,-117.04909
WA,LACROSSE,45.64336,48.9507,-124.61005,-117.04909
WA,LEAVENWORTH,45.64336,48.9507,-124.61005,-117.04909
WA,LIBERTY LAKE,45.64336,48.9507,-124.61005,-117.04909
WA,LONGVIEW,45.64336,48.9507,-124.61005,-117.04909
WA,LYNNWOOD,45.64336,48.9507,-124.61005,-117.04909
WA,MAPLE FALLS,45.64336,48.9507,-124.61005,-117.04909
WA,MARYSVILLE,45.64336,48.9507,-124.61005,-117.04909
WA,POMEROY,45.64336,48.9507,-124.61005,-117.04909
WA,WHITE SALMON,45.64336,48.9507,-124.61005,-117.04909
WA,NEWPORT,45.64336,48.9507,-124.61005,-117.04909
WA,MOSES LAKE,45.64336,48.9507,-124.61005,-117.04909
WA,MT VERNON,45.64336,48.9507,-124.61005,-117.04909
WA,OKANOGAN,45.64336,48.9507,-124.61005,-117.04909
WA,NEAH BAY,45.64336,48.9507,-124.61005,-117.04909
WA,NESPELEM,45.64336,48.9507,-124.61005,-117.04909
WA,NORTH BEND,45.64336,48.9507,-124.61005,-117.04909
WA,OAK HARBOR,45.64336,48.9507,-124.61005,-117.04909
WA,OMAK,45.64336,48.9507,-124.61005,-117.04909
WA,PORT ANGELES,45.64336,48.9507,-124.61005,-117.04909
WA,PORT TOWNSEND,45.64336,48.9507,-124.61005,-117.04909
WA,PULLMAN,45.64336,48.9507,-124.61005,-117.04909
WA,SOUTH HILL,45.64336,48.9507,-124.61005,-117.04909
WA,RAYMOND,45.64336,48.9507,-124.61005,-117.04909
WA,RITZVILLE,45.64336,48.9507,-124.61005,-117.04909
WA,ROSALIA,45.64336,48.9507,-124.61005,-117.04909
WA,SEATTLE,45.64336,48.9507,-124.61005,-117.04909
WA,SHELTON,45.64336,48.9507,-124.61005,-117.04909
WA,SPOKANE,45.64336,48.9507,-124.61005,-117.04909
WA,SPOKANE VALLEY,45.64336,48.9507,-124.61005,-117.04909
WA,SUNNYSIDE,45.64336,48.9507,-124.61005,-117.04909
WA,TACOMA,45.64336,48.9507,-124.61005,-117.04909
WA,TAHOLAH,45.64336,48.9507,-124.61005,-117.04909
WA,TUKWILA,45.64336,48.9507,-124.61005,-117.04909
WA,TWISP,45.64336,48.9507,-124.61005,-117.04909
WA,VANCOUVER,45.64336,48.9507,-124.61005,-117.04909
WA,WALLA WALLA,45.64336,48.9507,-124.61005,-117.04909
WA,WELLPINIT,45.64336,48.9507,-124.61005,-117.04909
WA,WENATCHEE,45.64336,48.9507,-124.61005,-117.04909
WA,WHITE SWAN,45.64336,48.9507,-124.61005,-117.04909
WA,WINTHROP,45.64336,48.9507,-124.61005,-117.04909
WA,YACOLT,45.64336,48.9507,-124.61005,-117.04909
WA,YAKIMA,45.64336,48.9507,-124.61005,-117.04909
WI,APPLETON,42.5047,46.6144,-91.413,-87.81
WI,PLEASANT PRAIRIE,42.5047,46.6144,-91.413,-87.81
WI,BARABOO,42.5047,46.6144,-91.413,-87.81
WI,EAU CLAIRE,42.5047,46.6144,-91.413,-87.81
WI,GREEN BAY,42.5047,46.6144,-91.413,-87.81
WI,BELGIUM,42.5047,46.6144,-91.413,-87.81
WI,HORICON,42.5047,46.6144,-91.413,-87.81
WI,LA CROSSE,42.5047,46.6144,-91.413,-87.81
WI,MADISON,42.5047,46.6144,-91.413,-87.81
WI,MILWAUKEE,42.5047,46.6144,-91.413,-87.81
WI,CRANDON,42.5047,46.6144,-91.413,-87.81
WI,POTOSI,42.5047,46.6144,-91.413,-87.81
WI,BOULDER JUNCTION,42.5047,46.6144,-91.413,-87.81
WI,WAUKESHA,42.5047,46.6144,-91.413,-87.81
WV,MOUNDSVILLE,38.346256,39.9158,-81.62116,-80.7342
WY,CASPER,41.08536,44.80353,-109.8708,-104.17
WY,CHEYENNE,41.08536,44.80353,-109.8708,-104.17
WY,CODY,41.08536,44.80353,-109.8708,-104.17
WY,GREEN RIVER,41.08536,44.80353,-109.8708,-104.17
WY,CARPENTER,41.08536,44.80353,-109.8708,-104.17
WY,LARAMIE,41.08536,44.80353,-109.8708,-104.17
WY,PINEDALE,41.08536,44.80353,-109.8708,-104.17
WY,SARATOGA,41.08536,44.80353,-109.8708,-104.17
WY,SHERIDAN,41.08536,44.80353,-109.8708,-104.17
WY,LANDER,41.08536,44.80353,-109.8708,-104.17
WY,TORRINGTON,41.08536,44.80353,-109.8708,-104.17
